﻿Series Name,Series Code,Country Name,Country Code,2018 [YR2018]
Number of poor at $3.20 a day (2011 PPP) (millions),SI.POV.LMIC.NO,Afghanistan,AFG,..
Number of poor at $3.20 a day (2011 PPP) (millions),SI.POV.LMIC.NO,Albania,ALB,..
Number of poor at $3.20 a day (2011 PPP) (millions),SI.POV.LMIC.NO,Algeria,DZA,..
Number of poor at $3.20 a day (2011 PPP) (millions),SI.POV.LMIC.NO,Angola,AGO,..
Number of poor at $3.20 a day (2011 PPP) (millions),SI.POV.LMIC.NO,Argentina,ARG,..
Number of poor at $3.20 a day (2011 PPP) (millions),SI.POV.LMIC.NO,Armenia,ARM,..
Number of poor at $3.20 a day (2011 PPP) (millions),SI.POV.LMIC.NO,Australia,AUS,..
Number of poor at $3.20 a day (2011 PPP) (millions),SI.POV.LMIC.NO,Austria,AUT,..
Number of poor at $3.20 a day (2011 PPP) (millions),SI.POV.LMIC.NO,Azerbaijan,AZE,..
Number of poor at $3.20 a day (2011 PPP) (millions),SI.POV.LMIC.NO,Bangladesh,BGD,..
Number of poor at $3.20 a day (2011 PPP) (millions),SI.POV.LMIC.NO,Belarus,BLR,..
Number of poor at $3.20 a day (2011 PPP) (millions),SI.POV.LMIC.NO,Belgium,BEL,..
Number of poor at $3.20 a day (2011 PPP) (millions),SI.POV.LMIC.NO,Belize,BLZ,..
Number of poor at $3.20 a day (2011 PPP) (millions),SI.POV.LMIC.NO,Benin,BEN,..
Number of poor at $3.20 a day (2011 PPP) (millions),SI.POV.LMIC.NO,Bhutan,BTN,..
Number of poor at $3.20 a day (2011 PPP) (millions),SI.POV.LMIC.NO,Bolivia,BOL,..
Number of poor at $3.20 a day (2011 PPP) (millions),SI.POV.LMIC.NO,Bosnia and Herzegovina,BIH,..
Number of poor at $3.20 a day (2011 PPP) (millions),SI.POV.LMIC.NO,Botswana,BWA,..
Number of poor at $3.20 a day (2011 PPP) (millions),SI.POV.LMIC.NO,Brazil,BRA,..
Number of poor at $3.20 a day (2011 PPP) (millions),SI.POV.LMIC.NO,Bulgaria,BGR,..
Number of poor at $3.20 a day (2011 PPP) (millions),SI.POV.LMIC.NO,Burkina Faso,BFA,..
Number of poor at $3.20 a day (2011 PPP) (millions),SI.POV.LMIC.NO,Burundi,BDI,..
Number of poor at $3.20 a day (2011 PPP) (millions),SI.POV.LMIC.NO,Cabo Verde,CPV,..
Number of poor at $3.20 a day (2011 PPP) (millions),SI.POV.LMIC.NO,Cambodia,KHM,..
Number of poor at $3.20 a day (2011 PPP) (millions),SI.POV.LMIC.NO,Cameroon,CMR,..
Number of poor at $3.20 a day (2011 PPP) (millions),SI.POV.LMIC.NO,Canada,CAN,..
Number of poor at $3.20 a day (2011 PPP) (millions),SI.POV.LMIC.NO,Central African Republic,CAF,..
Number of poor at $3.20 a day (2011 PPP) (millions),SI.POV.LMIC.NO,Chad,TCD,..
Number of poor at $3.20 a day (2011 PPP) (millions),SI.POV.LMIC.NO,Chile,CHL,..
Number of poor at $3.20 a day (2011 PPP) (millions),SI.POV.LMIC.NO,China,CHN,..
Number of poor at $3.20 a day (2011 PPP) (millions),SI.POV.LMIC.NO,Colombia,COL,..
Number of poor at $3.20 a day (2011 PPP) (millions),SI.POV.LMIC.NO,Comoros,COM,..
Number of poor at $3.20 a day (2011 PPP) (millions),SI.POV.LMIC.NO,"Congo, Dem. Rep.",COD,..
Number of poor at $3.20 a day (2011 PPP) (millions),SI.POV.LMIC.NO,"Congo, Rep.",COG,..
Number of poor at $3.20 a day (2011 PPP) (millions),SI.POV.LMIC.NO,Costa Rica,CRI,..
Number of poor at $3.20 a day (2011 PPP) (millions),SI.POV.LMIC.NO,Cote d'Ivoire,CIV,..
Number of poor at $3.20 a day (2011 PPP) (millions),SI.POV.LMIC.NO,Croatia,HRV,..
Number of poor at $3.20 a day (2011 PPP) (millions),SI.POV.LMIC.NO,Cyprus,CYP,..
Number of poor at $3.20 a day (2011 PPP) (millions),SI.POV.LMIC.NO,Czech Republic,CZE,..
Number of poor at $3.20 a day (2011 PPP) (millions),SI.POV.LMIC.NO,Denmark,DNK,..
Number of poor at $3.20 a day (2011 PPP) (millions),SI.POV.LMIC.NO,Djibouti,DJI,..
Number of poor at $3.20 a day (2011 PPP) (millions),SI.POV.LMIC.NO,Dominican Republic,DOM,..
Number of poor at $3.20 a day (2011 PPP) (millions),SI.POV.LMIC.NO,Ecuador,ECU,..
Number of poor at $3.20 a day (2011 PPP) (millions),SI.POV.LMIC.NO,"Egypt, Arab Rep.",EGY,..
Number of poor at $3.20 a day (2011 PPP) (millions),SI.POV.LMIC.NO,El Salvador,SLV,..
Number of poor at $3.20 a day (2011 PPP) (millions),SI.POV.LMIC.NO,Equatorial Guinea,GNQ,..
Number of poor at $3.20 a day (2011 PPP) (millions),SI.POV.LMIC.NO,Eritrea,ERI,..
Number of poor at $3.20 a day (2011 PPP) (millions),SI.POV.LMIC.NO,Estonia,EST,..
Number of poor at $3.20 a day (2011 PPP) (millions),SI.POV.LMIC.NO,Eswatini,SWZ,..
Number of poor at $3.20 a day (2011 PPP) (millions),SI.POV.LMIC.NO,Ethiopia,ETH,..
Number of poor at $3.20 a day (2011 PPP) (millions),SI.POV.LMIC.NO,Fiji,FJI,..
Number of poor at $3.20 a day (2011 PPP) (millions),SI.POV.LMIC.NO,Finland,FIN,..
Number of poor at $3.20 a day (2011 PPP) (millions),SI.POV.LMIC.NO,France,FRA,..
Number of poor at $3.20 a day (2011 PPP) (millions),SI.POV.LMIC.NO,Gabon,GAB,..
Number of poor at $3.20 a day (2011 PPP) (millions),SI.POV.LMIC.NO,"Gambia, The",GMB,..
Number of poor at $3.20 a day (2011 PPP) (millions),SI.POV.LMIC.NO,Georgia,GEO,..
Number of poor at $3.20 a day (2011 PPP) (millions),SI.POV.LMIC.NO,Germany,DEU,..
Number of poor at $3.20 a day (2011 PPP) (millions),SI.POV.LMIC.NO,Ghana,GHA,..
Number of poor at $3.20 a day (2011 PPP) (millions),SI.POV.LMIC.NO,Greece,GRC,..
Number of poor at $3.20 a day (2011 PPP) (millions),SI.POV.LMIC.NO,Guatemala,GTM,..
Number of poor at $3.20 a day (2011 PPP) (millions),SI.POV.LMIC.NO,Guinea,GIN,..
Number of poor at $3.20 a day (2011 PPP) (millions),SI.POV.LMIC.NO,Guinea-Bissau,GNB,..
Number of poor at $3.20 a day (2011 PPP) (millions),SI.POV.LMIC.NO,Guyana,GUY,..
Number of poor at $3.20 a day (2011 PPP) (millions),SI.POV.LMIC.NO,Haiti,HTI,..
Number of poor at $3.20 a day (2011 PPP) (millions),SI.POV.LMIC.NO,Honduras,HND,..
Number of poor at $3.20 a day (2011 PPP) (millions),SI.POV.LMIC.NO,Hungary,HUN,..
Number of poor at $3.20 a day (2011 PPP) (millions),SI.POV.LMIC.NO,Iceland,ISL,..
Number of poor at $3.20 a day (2011 PPP) (millions),SI.POV.LMIC.NO,India,IND,..
Number of poor at $3.20 a day (2011 PPP) (millions),SI.POV.LMIC.NO,Indonesia,IDN,..
Number of poor at $3.20 a day (2011 PPP) (millions),SI.POV.LMIC.NO,"Iran, Islamic Rep.",IRN,..
Number of poor at $3.20 a day (2011 PPP) (millions),SI.POV.LMIC.NO,Iraq,IRQ,..
Number of poor at $3.20 a day (2011 PPP) (millions),SI.POV.LMIC.NO,Ireland,IRL,..
Number of poor at $3.20 a day (2011 PPP) (millions),SI.POV.LMIC.NO,Israel,ISR,..
Number of poor at $3.20 a day (2011 PPP) (millions),SI.POV.LMIC.NO,Italy,ITA,..
Number of poor at $3.20 a day (2011 PPP) (millions),SI.POV.LMIC.NO,Jamaica,JAM,..
Number of poor at $3.20 a day (2011 PPP) (millions),SI.POV.LMIC.NO,Japan,JPN,..
Number of poor at $3.20 a day (2011 PPP) (millions),SI.POV.LMIC.NO,Jordan,JOR,..
Number of poor at $3.20 a day (2011 PPP) (millions),SI.POV.LMIC.NO,Kazakhstan,KAZ,..
Number of poor at $3.20 a day (2011 PPP) (millions),SI.POV.LMIC.NO,Kenya,KEN,..
Number of poor at $3.20 a day (2011 PPP) (millions),SI.POV.LMIC.NO,Kiribati,KIR,..
Number of poor at $3.20 a day (2011 PPP) (millions),SI.POV.LMIC.NO,"Korea, Rep.",KOR,..
Number of poor at $3.20 a day (2011 PPP) (millions),SI.POV.LMIC.NO,Kosovo,XKX,..
Number of poor at $3.20 a day (2011 PPP) (millions),SI.POV.LMIC.NO,Kyrgyz Republic,KGZ,..
Number of poor at $3.20 a day (2011 PPP) (millions),SI.POV.LMIC.NO,Lao PDR,LAO,..
Number of poor at $3.20 a day (2011 PPP) (millions),SI.POV.LMIC.NO,Latvia,LVA,..
Number of poor at $3.20 a day (2011 PPP) (millions),SI.POV.LMIC.NO,Lebanon,LBN,..
Number of poor at $3.20 a day (2011 PPP) (millions),SI.POV.LMIC.NO,Lesotho,LSO,..
Number of poor at $3.20 a day (2011 PPP) (millions),SI.POV.LMIC.NO,Liberia,LBR,..
Number of poor at $3.20 a day (2011 PPP) (millions),SI.POV.LMIC.NO,Lithuania,LTU,..
Number of poor at $3.20 a day (2011 PPP) (millions),SI.POV.LMIC.NO,Luxembourg,LUX,..
Number of poor at $3.20 a day (2011 PPP) (millions),SI.POV.LMIC.NO,Madagascar,MDG,..
Number of poor at $3.20 a day (2011 PPP) (millions),SI.POV.LMIC.NO,Malawi,MWI,..
Number of poor at $3.20 a day (2011 PPP) (millions),SI.POV.LMIC.NO,Malaysia,MYS,..
Number of poor at $3.20 a day (2011 PPP) (millions),SI.POV.LMIC.NO,Maldives,MDV,..
Number of poor at $3.20 a day (2011 PPP) (millions),SI.POV.LMIC.NO,Mali,MLI,..
Number of poor at $3.20 a day (2011 PPP) (millions),SI.POV.LMIC.NO,Malta,MLT,..
Number of poor at $3.20 a day (2011 PPP) (millions),SI.POV.LMIC.NO,Mauritania,MRT,..
Number of poor at $3.20 a day (2011 PPP) (millions),SI.POV.LMIC.NO,Mauritius,MUS,..
Number of poor at $3.20 a day (2011 PPP) (millions),SI.POV.LMIC.NO,Mexico,MEX,..
Number of poor at $3.20 a day (2011 PPP) (millions),SI.POV.LMIC.NO,"Micronesia, Fed. Sts.",FSM,..
Number of poor at $3.20 a day (2011 PPP) (millions),SI.POV.LMIC.NO,Moldova,MDA,..
Number of poor at $3.20 a day (2011 PPP) (millions),SI.POV.LMIC.NO,Mongolia,MNG,..
Number of poor at $3.20 a day (2011 PPP) (millions),SI.POV.LMIC.NO,Montenegro,MNE,..
Number of poor at $3.20 a day (2011 PPP) (millions),SI.POV.LMIC.NO,Morocco,MAR,..
Number of poor at $3.20 a day (2011 PPP) (millions),SI.POV.LMIC.NO,Mozambique,MOZ,..
Number of poor at $3.20 a day (2011 PPP) (millions),SI.POV.LMIC.NO,Myanmar,MMR,..
Number of poor at $3.20 a day (2011 PPP) (millions),SI.POV.LMIC.NO,Namibia,NAM,..
Number of poor at $3.20 a day (2011 PPP) (millions),SI.POV.LMIC.NO,Nepal,NPL,..
Number of poor at $3.20 a day (2011 PPP) (millions),SI.POV.LMIC.NO,Netherlands,NLD,..
Number of poor at $3.20 a day (2011 PPP) (millions),SI.POV.LMIC.NO,Nicaragua,NIC,..
Number of poor at $3.20 a day (2011 PPP) (millions),SI.POV.LMIC.NO,Niger,NER,..
Number of poor at $3.20 a day (2011 PPP) (millions),SI.POV.LMIC.NO,Nigeria,NGA,..
Number of poor at $3.20 a day (2011 PPP) (millions),SI.POV.LMIC.NO,North Macedonia,MKD,..
Number of poor at $3.20 a day (2011 PPP) (millions),SI.POV.LMIC.NO,Norway,NOR,..
Number of poor at $3.20 a day (2011 PPP) (millions),SI.POV.LMIC.NO,Pakistan,PAK,..
Number of poor at $3.20 a day (2011 PPP) (millions),SI.POV.LMIC.NO,Palau,PLW,..
Number of poor at $3.20 a day (2011 PPP) (millions),SI.POV.LMIC.NO,Panama,PAN,..
Number of poor at $3.20 a day (2011 PPP) (millions),SI.POV.LMIC.NO,Papua New Guinea,PNG,..
Number of poor at $3.20 a day (2011 PPP) (millions),SI.POV.LMIC.NO,Paraguay,PRY,..
Number of poor at $3.20 a day (2011 PPP) (millions),SI.POV.LMIC.NO,Peru,PER,..
Number of poor at $3.20 a day (2011 PPP) (millions),SI.POV.LMIC.NO,Philippines,PHL,..
Number of poor at $3.20 a day (2011 PPP) (millions),SI.POV.LMIC.NO,Poland,POL,..
Number of poor at $3.20 a day (2011 PPP) (millions),SI.POV.LMIC.NO,Portugal,PRT,..
Number of poor at $3.20 a day (2011 PPP) (millions),SI.POV.LMIC.NO,Romania,ROU,..
Number of poor at $3.20 a day (2011 PPP) (millions),SI.POV.LMIC.NO,Russian Federation,RUS,..
Number of poor at $3.20 a day (2011 PPP) (millions),SI.POV.LMIC.NO,Rwanda,RWA,..
Number of poor at $3.20 a day (2011 PPP) (millions),SI.POV.LMIC.NO,Samoa,WSM,..
Number of poor at $3.20 a day (2011 PPP) (millions),SI.POV.LMIC.NO,Sao Tome and Principe,STP,..
Number of poor at $3.20 a day (2011 PPP) (millions),SI.POV.LMIC.NO,Senegal,SEN,..
Number of poor at $3.20 a day (2011 PPP) (millions),SI.POV.LMIC.NO,Serbia,SRB,..
Number of poor at $3.20 a day (2011 PPP) (millions),SI.POV.LMIC.NO,Seychelles,SYC,..
Number of poor at $3.20 a day (2011 PPP) (millions),SI.POV.LMIC.NO,Sierra Leone,SLE,..
Number of poor at $3.20 a day (2011 PPP) (millions),SI.POV.LMIC.NO,Slovak Republic,SVK,..
Number of poor at $3.20 a day (2011 PPP) (millions),SI.POV.LMIC.NO,Slovenia,SVN,..
Number of poor at $3.20 a day (2011 PPP) (millions),SI.POV.LMIC.NO,Solomon Islands,SLB,..
Number of poor at $3.20 a day (2011 PPP) (millions),SI.POV.LMIC.NO,South Africa,ZAF,..
Number of poor at $3.20 a day (2011 PPP) (millions),SI.POV.LMIC.NO,South Sudan,SSD,..
Number of poor at $3.20 a day (2011 PPP) (millions),SI.POV.LMIC.NO,Spain,ESP,..
Number of poor at $3.20 a day (2011 PPP) (millions),SI.POV.LMIC.NO,Sri Lanka,LKA,..
Number of poor at $3.20 a day (2011 PPP) (millions),SI.POV.LMIC.NO,St. Lucia,LCA,..
Number of poor at $3.20 a day (2011 PPP) (millions),SI.POV.LMIC.NO,Sudan,SDN,..
Number of poor at $3.20 a day (2011 PPP) (millions),SI.POV.LMIC.NO,Suriname,SUR,..
Number of poor at $3.20 a day (2011 PPP) (millions),SI.POV.LMIC.NO,Sweden,SWE,..
Number of poor at $3.20 a day (2011 PPP) (millions),SI.POV.LMIC.NO,Switzerland,CHE,..
Number of poor at $3.20 a day (2011 PPP) (millions),SI.POV.LMIC.NO,Syrian Arab Republic,SYR,..
Number of poor at $3.20 a day (2011 PPP) (millions),SI.POV.LMIC.NO,Tajikistan,TJK,..
Number of poor at $3.20 a day (2011 PPP) (millions),SI.POV.LMIC.NO,Tanzania,TZA,..
Number of poor at $3.20 a day (2011 PPP) (millions),SI.POV.LMIC.NO,Thailand,THA,..
Number of poor at $3.20 a day (2011 PPP) (millions),SI.POV.LMIC.NO,Timor-Leste,TLS,..
Number of poor at $3.20 a day (2011 PPP) (millions),SI.POV.LMIC.NO,Togo,TGO,..
Number of poor at $3.20 a day (2011 PPP) (millions),SI.POV.LMIC.NO,Tonga,TON,..
Number of poor at $3.20 a day (2011 PPP) (millions),SI.POV.LMIC.NO,Trinidad and Tobago,TTO,..
Number of poor at $3.20 a day (2011 PPP) (millions),SI.POV.LMIC.NO,Tunisia,TUN,..
Number of poor at $3.20 a day (2011 PPP) (millions),SI.POV.LMIC.NO,Turkey,TUR,..
Number of poor at $3.20 a day (2011 PPP) (millions),SI.POV.LMIC.NO,Turkmenistan,TKM,..
Number of poor at $3.20 a day (2011 PPP) (millions),SI.POV.LMIC.NO,Tuvalu,TUV,..
Number of poor at $3.20 a day (2011 PPP) (millions),SI.POV.LMIC.NO,Uganda,UGA,..
Number of poor at $3.20 a day (2011 PPP) (millions),SI.POV.LMIC.NO,Ukraine,UKR,..
Number of poor at $3.20 a day (2011 PPP) (millions),SI.POV.LMIC.NO,United Kingdom,GBR,..
Number of poor at $3.20 a day (2011 PPP) (millions),SI.POV.LMIC.NO,United States,USA,..
Number of poor at $3.20 a day (2011 PPP) (millions),SI.POV.LMIC.NO,Uruguay,URY,..
Number of poor at $3.20 a day (2011 PPP) (millions),SI.POV.LMIC.NO,Uzbekistan,UZB,..
Number of poor at $3.20 a day (2011 PPP) (millions),SI.POV.LMIC.NO,Vanuatu,VUT,..
Number of poor at $3.20 a day (2011 PPP) (millions),SI.POV.LMIC.NO,"Venezuela, RB",VEN,..
Number of poor at $3.20 a day (2011 PPP) (millions),SI.POV.LMIC.NO,Vietnam,VNM,..
Number of poor at $3.20 a day (2011 PPP) (millions),SI.POV.LMIC.NO,West Bank and Gaza,PSE,..
Number of poor at $3.20 a day (2011 PPP) (millions),SI.POV.LMIC.NO,"Yemen, Rep.",YEM,..
Number of poor at $3.20 a day (2011 PPP) (millions),SI.POV.LMIC.NO,Zambia,ZMB,..
Number of poor at $3.20 a day (2011 PPP) (millions),SI.POV.LMIC.NO,Zimbabwe,ZWE,..
Number of poor at $3.20 a day (2011 PPP) (millions),SI.POV.LMIC.NO,East Asia & Pacific,EAS,..
Number of poor at $3.20 a day (2011 PPP) (millions),SI.POV.LMIC.NO,Europe & Central Asia,ECS,..
Number of poor at $3.20 a day (2011 PPP) (millions),SI.POV.LMIC.NO,Fragile and conflict affected situations,FCS,..
Number of poor at $3.20 a day (2011 PPP) (millions),SI.POV.LMIC.NO,High income,HIC,..
Number of poor at $3.20 a day (2011 PPP) (millions),SI.POV.LMIC.NO,IDA countries classified as fragile situations,DFS,..
Number of poor at $3.20 a day (2011 PPP) (millions),SI.POV.LMIC.NO,IDA total,IDA,..
Number of poor at $3.20 a day (2011 PPP) (millions),SI.POV.LMIC.NO,Latin America & Caribbean,LCN,..
Number of poor at $3.20 a day (2011 PPP) (millions),SI.POV.LMIC.NO,Low & middle income,LMY,..
Number of poor at $3.20 a day (2011 PPP) (millions),SI.POV.LMIC.NO,Low income,LIC,..
Number of poor at $3.20 a day (2011 PPP) (millions),SI.POV.LMIC.NO,Lower middle income,LMC,..
Number of poor at $3.20 a day (2011 PPP) (millions),SI.POV.LMIC.NO,Middle East & North Africa,MEA,..
Number of poor at $3.20 a day (2011 PPP) (millions),SI.POV.LMIC.NO,Middle income,MIC,..
Number of poor at $3.20 a day (2011 PPP) (millions),SI.POV.LMIC.NO,South Asia,SAS,..
Number of poor at $3.20 a day (2011 PPP) (millions),SI.POV.LMIC.NO,Sub-Saharan Africa,SSF,..
Number of poor at $3.20 a day (2011 PPP) (millions),SI.POV.LMIC.NO,Upper middle income,UMC,..
Number of poor at $3.20 a day (2011 PPP) (millions),SI.POV.LMIC.NO,World,WLD,..
Urban poverty headcount ratio at national poverty lines (% of urban population),SI.POV.URHC,Afghanistan,AFG,..
Urban poverty headcount ratio at national poverty lines (% of urban population),SI.POV.URHC,Albania,ALB,..
Urban poverty headcount ratio at national poverty lines (% of urban population),SI.POV.URHC,Algeria,DZA,..
Urban poverty headcount ratio at national poverty lines (% of urban population),SI.POV.URHC,Angola,AGO,..
Urban poverty headcount ratio at national poverty lines (% of urban population),SI.POV.URHC,Argentina,ARG,..
Urban poverty headcount ratio at national poverty lines (% of urban population),SI.POV.URHC,Armenia,ARM,..
Urban poverty headcount ratio at national poverty lines (% of urban population),SI.POV.URHC,Australia,AUS,..
Urban poverty headcount ratio at national poverty lines (% of urban population),SI.POV.URHC,Austria,AUT,..
Urban poverty headcount ratio at national poverty lines (% of urban population),SI.POV.URHC,Azerbaijan,AZE,..
Urban poverty headcount ratio at national poverty lines (% of urban population),SI.POV.URHC,Bangladesh,BGD,..
Urban poverty headcount ratio at national poverty lines (% of urban population),SI.POV.URHC,Belarus,BLR,..
Urban poverty headcount ratio at national poverty lines (% of urban population),SI.POV.URHC,Belgium,BEL,..
Urban poverty headcount ratio at national poverty lines (% of urban population),SI.POV.URHC,Belize,BLZ,..
Urban poverty headcount ratio at national poverty lines (% of urban population),SI.POV.URHC,Benin,BEN,..
Urban poverty headcount ratio at national poverty lines (% of urban population),SI.POV.URHC,Bhutan,BTN,..
Urban poverty headcount ratio at national poverty lines (% of urban population),SI.POV.URHC,Bolivia,BOL,..
Urban poverty headcount ratio at national poverty lines (% of urban population),SI.POV.URHC,Bosnia and Herzegovina,BIH,..
Urban poverty headcount ratio at national poverty lines (% of urban population),SI.POV.URHC,Botswana,BWA,..
Urban poverty headcount ratio at national poverty lines (% of urban population),SI.POV.URHC,Brazil,BRA,..
Urban poverty headcount ratio at national poverty lines (% of urban population),SI.POV.URHC,Bulgaria,BGR,..
Urban poverty headcount ratio at national poverty lines (% of urban population),SI.POV.URHC,Burkina Faso,BFA,..
Urban poverty headcount ratio at national poverty lines (% of urban population),SI.POV.URHC,Burundi,BDI,..
Urban poverty headcount ratio at national poverty lines (% of urban population),SI.POV.URHC,Cabo Verde,CPV,..
Urban poverty headcount ratio at national poverty lines (% of urban population),SI.POV.URHC,Cambodia,KHM,..
Urban poverty headcount ratio at national poverty lines (% of urban population),SI.POV.URHC,Cameroon,CMR,..
Urban poverty headcount ratio at national poverty lines (% of urban population),SI.POV.URHC,Canada,CAN,..
Urban poverty headcount ratio at national poverty lines (% of urban population),SI.POV.URHC,Central African Republic,CAF,..
Urban poverty headcount ratio at national poverty lines (% of urban population),SI.POV.URHC,Chad,TCD,..
Urban poverty headcount ratio at national poverty lines (% of urban population),SI.POV.URHC,Chile,CHL,..
Urban poverty headcount ratio at national poverty lines (% of urban population),SI.POV.URHC,China,CHN,..
Urban poverty headcount ratio at national poverty lines (% of urban population),SI.POV.URHC,Colombia,COL,..
Urban poverty headcount ratio at national poverty lines (% of urban population),SI.POV.URHC,Comoros,COM,..
Urban poverty headcount ratio at national poverty lines (% of urban population),SI.POV.URHC,"Congo, Dem. Rep.",COD,..
Urban poverty headcount ratio at national poverty lines (% of urban population),SI.POV.URHC,"Congo, Rep.",COG,..
Urban poverty headcount ratio at national poverty lines (% of urban population),SI.POV.URHC,Costa Rica,CRI,..
Urban poverty headcount ratio at national poverty lines (% of urban population),SI.POV.URHC,Cote d'Ivoire,CIV,..
Urban poverty headcount ratio at national poverty lines (% of urban population),SI.POV.URHC,Croatia,HRV,..
Urban poverty headcount ratio at national poverty lines (% of urban population),SI.POV.URHC,Cyprus,CYP,..
Urban poverty headcount ratio at national poverty lines (% of urban population),SI.POV.URHC,Czech Republic,CZE,..
Urban poverty headcount ratio at national poverty lines (% of urban population),SI.POV.URHC,Denmark,DNK,..
Urban poverty headcount ratio at national poverty lines (% of urban population),SI.POV.URHC,Djibouti,DJI,..
Urban poverty headcount ratio at national poverty lines (% of urban population),SI.POV.URHC,Dominican Republic,DOM,..
Urban poverty headcount ratio at national poverty lines (% of urban population),SI.POV.URHC,Ecuador,ECU,..
Urban poverty headcount ratio at national poverty lines (% of urban population),SI.POV.URHC,"Egypt, Arab Rep.",EGY,..
Urban poverty headcount ratio at national poverty lines (% of urban population),SI.POV.URHC,El Salvador,SLV,..
Urban poverty headcount ratio at national poverty lines (% of urban population),SI.POV.URHC,Equatorial Guinea,GNQ,..
Urban poverty headcount ratio at national poverty lines (% of urban population),SI.POV.URHC,Eritrea,ERI,..
Urban poverty headcount ratio at national poverty lines (% of urban population),SI.POV.URHC,Estonia,EST,..
Urban poverty headcount ratio at national poverty lines (% of urban population),SI.POV.URHC,Eswatini,SWZ,..
Urban poverty headcount ratio at national poverty lines (% of urban population),SI.POV.URHC,Ethiopia,ETH,..
Urban poverty headcount ratio at national poverty lines (% of urban population),SI.POV.URHC,Fiji,FJI,..
Urban poverty headcount ratio at national poverty lines (% of urban population),SI.POV.URHC,Finland,FIN,..
Urban poverty headcount ratio at national poverty lines (% of urban population),SI.POV.URHC,France,FRA,..
Urban poverty headcount ratio at national poverty lines (% of urban population),SI.POV.URHC,Gabon,GAB,..
Urban poverty headcount ratio at national poverty lines (% of urban population),SI.POV.URHC,"Gambia, The",GMB,..
Urban poverty headcount ratio at national poverty lines (% of urban population),SI.POV.URHC,Georgia,GEO,..
Urban poverty headcount ratio at national poverty lines (% of urban population),SI.POV.URHC,Germany,DEU,..
Urban poverty headcount ratio at national poverty lines (% of urban population),SI.POV.URHC,Ghana,GHA,..
Urban poverty headcount ratio at national poverty lines (% of urban population),SI.POV.URHC,Greece,GRC,..
Urban poverty headcount ratio at national poverty lines (% of urban population),SI.POV.URHC,Guatemala,GTM,..
Urban poverty headcount ratio at national poverty lines (% of urban population),SI.POV.URHC,Guinea,GIN,..
Urban poverty headcount ratio at national poverty lines (% of urban population),SI.POV.URHC,Guinea-Bissau,GNB,..
Urban poverty headcount ratio at national poverty lines (% of urban population),SI.POV.URHC,Guyana,GUY,..
Urban poverty headcount ratio at national poverty lines (% of urban population),SI.POV.URHC,Haiti,HTI,..
Urban poverty headcount ratio at national poverty lines (% of urban population),SI.POV.URHC,Honduras,HND,..
Urban poverty headcount ratio at national poverty lines (% of urban population),SI.POV.URHC,Hungary,HUN,..
Urban poverty headcount ratio at national poverty lines (% of urban population),SI.POV.URHC,Iceland,ISL,..
Urban poverty headcount ratio at national poverty lines (% of urban population),SI.POV.URHC,India,IND,..
Urban poverty headcount ratio at national poverty lines (% of urban population),SI.POV.URHC,Indonesia,IDN,..
Urban poverty headcount ratio at national poverty lines (% of urban population),SI.POV.URHC,"Iran, Islamic Rep.",IRN,..
Urban poverty headcount ratio at national poverty lines (% of urban population),SI.POV.URHC,Iraq,IRQ,..
Urban poverty headcount ratio at national poverty lines (% of urban population),SI.POV.URHC,Ireland,IRL,..
Urban poverty headcount ratio at national poverty lines (% of urban population),SI.POV.URHC,Israel,ISR,..
Urban poverty headcount ratio at national poverty lines (% of urban population),SI.POV.URHC,Italy,ITA,..
Urban poverty headcount ratio at national poverty lines (% of urban population),SI.POV.URHC,Jamaica,JAM,..
Urban poverty headcount ratio at national poverty lines (% of urban population),SI.POV.URHC,Japan,JPN,..
Urban poverty headcount ratio at national poverty lines (% of urban population),SI.POV.URHC,Jordan,JOR,..
Urban poverty headcount ratio at national poverty lines (% of urban population),SI.POV.URHC,Kazakhstan,KAZ,..
Urban poverty headcount ratio at national poverty lines (% of urban population),SI.POV.URHC,Kenya,KEN,..
Urban poverty headcount ratio at national poverty lines (% of urban population),SI.POV.URHC,Kiribati,KIR,..
Urban poverty headcount ratio at national poverty lines (% of urban population),SI.POV.URHC,"Korea, Rep.",KOR,..
Urban poverty headcount ratio at national poverty lines (% of urban population),SI.POV.URHC,Kosovo,XKX,..
Urban poverty headcount ratio at national poverty lines (% of urban population),SI.POV.URHC,Kyrgyz Republic,KGZ,..
Urban poverty headcount ratio at national poverty lines (% of urban population),SI.POV.URHC,Lao PDR,LAO,..
Urban poverty headcount ratio at national poverty lines (% of urban population),SI.POV.URHC,Latvia,LVA,..
Urban poverty headcount ratio at national poverty lines (% of urban population),SI.POV.URHC,Lebanon,LBN,..
Urban poverty headcount ratio at national poverty lines (% of urban population),SI.POV.URHC,Lesotho,LSO,..
Urban poverty headcount ratio at national poverty lines (% of urban population),SI.POV.URHC,Liberia,LBR,..
Urban poverty headcount ratio at national poverty lines (% of urban population),SI.POV.URHC,Lithuania,LTU,..
Urban poverty headcount ratio at national poverty lines (% of urban population),SI.POV.URHC,Luxembourg,LUX,..
Urban poverty headcount ratio at national poverty lines (% of urban population),SI.POV.URHC,Madagascar,MDG,..
Urban poverty headcount ratio at national poverty lines (% of urban population),SI.POV.URHC,Malawi,MWI,..
Urban poverty headcount ratio at national poverty lines (% of urban population),SI.POV.URHC,Malaysia,MYS,..
Urban poverty headcount ratio at national poverty lines (% of urban population),SI.POV.URHC,Maldives,MDV,..
Urban poverty headcount ratio at national poverty lines (% of urban population),SI.POV.URHC,Mali,MLI,..
Urban poverty headcount ratio at national poverty lines (% of urban population),SI.POV.URHC,Malta,MLT,..
Urban poverty headcount ratio at national poverty lines (% of urban population),SI.POV.URHC,Mauritania,MRT,..
Urban poverty headcount ratio at national poverty lines (% of urban population),SI.POV.URHC,Mauritius,MUS,..
Urban poverty headcount ratio at national poverty lines (% of urban population),SI.POV.URHC,Mexico,MEX,..
Urban poverty headcount ratio at national poverty lines (% of urban population),SI.POV.URHC,"Micronesia, Fed. Sts.",FSM,..
Urban poverty headcount ratio at national poverty lines (% of urban population),SI.POV.URHC,Moldova,MDA,..
Urban poverty headcount ratio at national poverty lines (% of urban population),SI.POV.URHC,Mongolia,MNG,..
Urban poverty headcount ratio at national poverty lines (% of urban population),SI.POV.URHC,Montenegro,MNE,..
Urban poverty headcount ratio at national poverty lines (% of urban population),SI.POV.URHC,Morocco,MAR,..
Urban poverty headcount ratio at national poverty lines (% of urban population),SI.POV.URHC,Mozambique,MOZ,..
Urban poverty headcount ratio at national poverty lines (% of urban population),SI.POV.URHC,Myanmar,MMR,..
Urban poverty headcount ratio at national poverty lines (% of urban population),SI.POV.URHC,Namibia,NAM,..
Urban poverty headcount ratio at national poverty lines (% of urban population),SI.POV.URHC,Nepal,NPL,..
Urban poverty headcount ratio at national poverty lines (% of urban population),SI.POV.URHC,Netherlands,NLD,..
Urban poverty headcount ratio at national poverty lines (% of urban population),SI.POV.URHC,Nicaragua,NIC,..
Urban poverty headcount ratio at national poverty lines (% of urban population),SI.POV.URHC,Niger,NER,..
Urban poverty headcount ratio at national poverty lines (% of urban population),SI.POV.URHC,Nigeria,NGA,..
Urban poverty headcount ratio at national poverty lines (% of urban population),SI.POV.URHC,North Macedonia,MKD,..
Urban poverty headcount ratio at national poverty lines (% of urban population),SI.POV.URHC,Norway,NOR,..
Urban poverty headcount ratio at national poverty lines (% of urban population),SI.POV.URHC,Pakistan,PAK,..
Urban poverty headcount ratio at national poverty lines (% of urban population),SI.POV.URHC,Palau,PLW,..
Urban poverty headcount ratio at national poverty lines (% of urban population),SI.POV.URHC,Panama,PAN,..
Urban poverty headcount ratio at national poverty lines (% of urban population),SI.POV.URHC,Papua New Guinea,PNG,..
Urban poverty headcount ratio at national poverty lines (% of urban population),SI.POV.URHC,Paraguay,PRY,..
Urban poverty headcount ratio at national poverty lines (% of urban population),SI.POV.URHC,Peru,PER,..
Urban poverty headcount ratio at national poverty lines (% of urban population),SI.POV.URHC,Philippines,PHL,..
Urban poverty headcount ratio at national poverty lines (% of urban population),SI.POV.URHC,Poland,POL,..
Urban poverty headcount ratio at national poverty lines (% of urban population),SI.POV.URHC,Portugal,PRT,..
Urban poverty headcount ratio at national poverty lines (% of urban population),SI.POV.URHC,Romania,ROU,..
Urban poverty headcount ratio at national poverty lines (% of urban population),SI.POV.URHC,Russian Federation,RUS,..
Urban poverty headcount ratio at national poverty lines (% of urban population),SI.POV.URHC,Rwanda,RWA,..
Urban poverty headcount ratio at national poverty lines (% of urban population),SI.POV.URHC,Samoa,WSM,..
Urban poverty headcount ratio at national poverty lines (% of urban population),SI.POV.URHC,Sao Tome and Principe,STP,..
Urban poverty headcount ratio at national poverty lines (% of urban population),SI.POV.URHC,Senegal,SEN,..
Urban poverty headcount ratio at national poverty lines (% of urban population),SI.POV.URHC,Serbia,SRB,..
Urban poverty headcount ratio at national poverty lines (% of urban population),SI.POV.URHC,Seychelles,SYC,..
Urban poverty headcount ratio at national poverty lines (% of urban population),SI.POV.URHC,Sierra Leone,SLE,..
Urban poverty headcount ratio at national poverty lines (% of urban population),SI.POV.URHC,Slovak Republic,SVK,..
Urban poverty headcount ratio at national poverty lines (% of urban population),SI.POV.URHC,Slovenia,SVN,..
Urban poverty headcount ratio at national poverty lines (% of urban population),SI.POV.URHC,Solomon Islands,SLB,..
Urban poverty headcount ratio at national poverty lines (% of urban population),SI.POV.URHC,South Africa,ZAF,..
Urban poverty headcount ratio at national poverty lines (% of urban population),SI.POV.URHC,South Sudan,SSD,..
Urban poverty headcount ratio at national poverty lines (% of urban population),SI.POV.URHC,Spain,ESP,..
Urban poverty headcount ratio at national poverty lines (% of urban population),SI.POV.URHC,Sri Lanka,LKA,..
Urban poverty headcount ratio at national poverty lines (% of urban population),SI.POV.URHC,St. Lucia,LCA,..
Urban poverty headcount ratio at national poverty lines (% of urban population),SI.POV.URHC,Sudan,SDN,..
Urban poverty headcount ratio at national poverty lines (% of urban population),SI.POV.URHC,Suriname,SUR,..
Urban poverty headcount ratio at national poverty lines (% of urban population),SI.POV.URHC,Sweden,SWE,..
Urban poverty headcount ratio at national poverty lines (% of urban population),SI.POV.URHC,Switzerland,CHE,..
Urban poverty headcount ratio at national poverty lines (% of urban population),SI.POV.URHC,Syrian Arab Republic,SYR,..
Urban poverty headcount ratio at national poverty lines (% of urban population),SI.POV.URHC,Tajikistan,TJK,..
Urban poverty headcount ratio at national poverty lines (% of urban population),SI.POV.URHC,Tanzania,TZA,..
Urban poverty headcount ratio at national poverty lines (% of urban population),SI.POV.URHC,Thailand,THA,..
Urban poverty headcount ratio at national poverty lines (% of urban population),SI.POV.URHC,Timor-Leste,TLS,..
Urban poverty headcount ratio at national poverty lines (% of urban population),SI.POV.URHC,Togo,TGO,..
Urban poverty headcount ratio at national poverty lines (% of urban population),SI.POV.URHC,Tonga,TON,..
Urban poverty headcount ratio at national poverty lines (% of urban population),SI.POV.URHC,Trinidad and Tobago,TTO,..
Urban poverty headcount ratio at national poverty lines (% of urban population),SI.POV.URHC,Tunisia,TUN,..
Urban poverty headcount ratio at national poverty lines (% of urban population),SI.POV.URHC,Turkey,TUR,..
Urban poverty headcount ratio at national poverty lines (% of urban population),SI.POV.URHC,Turkmenistan,TKM,..
Urban poverty headcount ratio at national poverty lines (% of urban population),SI.POV.URHC,Tuvalu,TUV,..
Urban poverty headcount ratio at national poverty lines (% of urban population),SI.POV.URHC,Uganda,UGA,..
Urban poverty headcount ratio at national poverty lines (% of urban population),SI.POV.URHC,Ukraine,UKR,..
Urban poverty headcount ratio at national poverty lines (% of urban population),SI.POV.URHC,United Kingdom,GBR,..
Urban poverty headcount ratio at national poverty lines (% of urban population),SI.POV.URHC,United States,USA,..
Urban poverty headcount ratio at national poverty lines (% of urban population),SI.POV.URHC,Uruguay,URY,..
Urban poverty headcount ratio at national poverty lines (% of urban population),SI.POV.URHC,Uzbekistan,UZB,..
Urban poverty headcount ratio at national poverty lines (% of urban population),SI.POV.URHC,Vanuatu,VUT,..
Urban poverty headcount ratio at national poverty lines (% of urban population),SI.POV.URHC,"Venezuela, RB",VEN,..
Urban poverty headcount ratio at national poverty lines (% of urban population),SI.POV.URHC,Vietnam,VNM,..
Urban poverty headcount ratio at national poverty lines (% of urban population),SI.POV.URHC,West Bank and Gaza,PSE,..
Urban poverty headcount ratio at national poverty lines (% of urban population),SI.POV.URHC,"Yemen, Rep.",YEM,..
Urban poverty headcount ratio at national poverty lines (% of urban population),SI.POV.URHC,Zambia,ZMB,..
Urban poverty headcount ratio at national poverty lines (% of urban population),SI.POV.URHC,Zimbabwe,ZWE,..
Urban poverty headcount ratio at national poverty lines (% of urban population),SI.POV.URHC,East Asia & Pacific,EAS,..
Urban poverty headcount ratio at national poverty lines (% of urban population),SI.POV.URHC,Europe & Central Asia,ECS,..
Urban poverty headcount ratio at national poverty lines (% of urban population),SI.POV.URHC,Fragile and conflict affected situations,FCS,..
Urban poverty headcount ratio at national poverty lines (% of urban population),SI.POV.URHC,High income,HIC,..
Urban poverty headcount ratio at national poverty lines (% of urban population),SI.POV.URHC,IDA countries classified as fragile situations,DFS,..
Urban poverty headcount ratio at national poverty lines (% of urban population),SI.POV.URHC,IDA total,IDA,..
Urban poverty headcount ratio at national poverty lines (% of urban population),SI.POV.URHC,Latin America & Caribbean,LCN,..
Urban poverty headcount ratio at national poverty lines (% of urban population),SI.POV.URHC,Low & middle income,LMY,..
Urban poverty headcount ratio at national poverty lines (% of urban population),SI.POV.URHC,Low income,LIC,..
Urban poverty headcount ratio at national poverty lines (% of urban population),SI.POV.URHC,Lower middle income,LMC,..
Urban poverty headcount ratio at national poverty lines (% of urban population),SI.POV.URHC,Middle East & North Africa,MEA,..
Urban poverty headcount ratio at national poverty lines (% of urban population),SI.POV.URHC,Middle income,MIC,..
Urban poverty headcount ratio at national poverty lines (% of urban population),SI.POV.URHC,South Asia,SAS,..
Urban poverty headcount ratio at national poverty lines (% of urban population),SI.POV.URHC,Sub-Saharan Africa,SSF,..
Urban poverty headcount ratio at national poverty lines (% of urban population),SI.POV.URHC,Upper middle income,UMC,..
Urban poverty headcount ratio at national poverty lines (% of urban population),SI.POV.URHC,World,WLD,..
,,,,
,,,,
,,,,
Data from database: Poverty and Equity,,,,
Last Updated: 09/24/2019,,,,
